Diet,Low,Medium,High
D,0.333333333,0.416666667,0.25
H,0.111111111,0.444444444,0.444444444
S,0.384615385,0.153846154,0.461538462
D + H,0.416666667,0.25,0.333333333
D + S,0.2,0.5,0.3
S + H,0.333333333,0.416666667,0.25
D + S + H,0.352941176,0.294117647,0.352941176